<?xml version="1.0" encoding="UTF-8"?>
<faces-config xmlns="http://java.sun.com/xml/ns/javaee" 
              xmlns:xsi="http://www.w3.org/2001/XMLSchema-instance" 
              xsi:schemaLocation="http://java.sun.com/xml/ns/javaee /WEB-INF/schema/web-facesconfig_2_0.xsd" 
              version="2.0" metadata-complete="false">
    <!-- This file must be present with our jar, even if it is empty.  Otherwise, our Java annotations won't get scanned! -->
<managed-bean>
	<managed-bean-name>patientejbImpl</managed-bean-name>
   <managed-bean-class>com.java.hms.PatientEjbImpl</managed-bean-class>
   <managed-bean-scope>request</managed-bean-scope>
</managed-bean>
<managed-bean>
	<managed-bean-name>patienteImpl</managed-bean-name>
   <managed-bean-class>com.java.hib.PatientMasterDaoImpl</managed-bean-class>
   <managed-bean-scope>request</managed-bean-scope>
</managed-bean>
<managed-bean>
	<managed-bean-name>patient</managed-bean-name>
   <managed-bean-class>com.java.hms.PatientMaster</managed-bean-class>
   <managed-bean-scope>request</managed-bean-scope>
</managed-bean>
<managed-bean>
	<managed-bean-name>hibpatient</managed-bean-name>
   <managed-bean-class>com.java.hib.PatientMaster</managed-bean-class>
   <managed-bean-scope>request</managed-bean-scope>
</managed-bean>
<managed-bean>
	<managed-bean-name>report</managed-bean-name>
   <managed-bean-class>com.java.hms.PatientReport</managed-bean-class>
   <managed-bean-scope>request</managed-bean-scope>
</managed-bean>

<managed-bean>
	<managed-bean-name>controller</managed-bean-name>
   <managed-bean-class>com.java.hms.Controller</managed-bean-class>
   <managed-bean-scope>request</managed-bean-scope>
    <managed-property>
            <property-name>report</property-name>
            <property-class>com.java.hms.PatientReport</property-class>
            <value>#{report}</value>
    </managed-property>
    <managed-property>
            <property-name>patientejbImpl</property-name>
            <property-class>com.java.hms.PatientEjbImpl</property-class>
            <value>#{patientejbImpl}</value>
    </managed-property>
</managed-bean>
</faces-config>